file,species
b39c71707.png,Loose Silky-bent
5296835a0.png,Small-flowered Cranesbill
c6b76307d.png,Black-grass
3da774107.png,Loose Silky-bent
fea3da57c.png,Loose Silky-bent
f23faf9c1.png,Black-grass
ede6b84b4.png,Loose Silky-bent
c63da993b.png,Loose Silky-bent
87f627bf9.png,Scentless Mayweed
486e59179.png,Loose Silky-bent
ec08a5d56.png,Loose Silky-bent
892e9d6c6.png,Black-grass
506347cfe.png,Scentless Mayweed
3bbef3ecb.png,Loose Silky-bent
2dd5cfba9.png,Loose Silky-bent
7b52585da.png,Loose Silky-bent
3eda9cbb6.png,Black-grass
770a265f5.png,Black-grass
bfab3e3d0.png,Scentless Mayweed
116b136de.png,Scentless Mayweed
cc74feadc.png,Black-grass
c60e91e07.png,Loose Silky-bent
754b1adf8.png,Small-flowered Cranesbill
42e7ed442.png,Scentless Mayweed
6be169e41.png,Scentless Mayweed
2ff5cb348.png,Scentless Mayweed
22e79540f.png,Scentless Mayweed
599c82eea.png,Loose Silky-bent
1fefb54b7.png,Black-grass
456d507c0.png,Cleavers
52dc7a4d6.png,Sugar beet
dabea05f4.png,Scentless Mayweed
bb7621cb3.png,Sugar beet
e5e3dccff.png,Scentless Mayweed
2406d6c99.png,Scentless Mayweed
bb20fce02.png,Loose Silky-bent
17529c555.png,Scentless Mayweed
da231c97f.png,Loose Silky-bent
37714071b.png,Scentless Mayweed
406ecb5c5.png,Charlock
c64370a72.png,Scentless Mayweed
4ea7493d5.png,Loose Silky-bent
523e5505c.png,Cleavers
8e2e5604e.png,Loose Silky-bent
23bc8ec4f.png,Loose Silky-bent
78c5fba1d.png,Scentless Mayweed
54c8bb900.png,Charlock
172f9b10b.png,Loose Silky-bent
30ad31220.png,Charlock
4ac29bbf0.png,Sugar beet
5883b423d.png,Loose Silky-bent
3abb502fb.png,Loose Silky-bent
aa7d098d1.png,Loose Silky-bent
a800caead.png,Loose Silky-bent
20ea96bcc.png,Loose Silky-bent
126a71ce0.png,Black-grass
0021e90e4.png,Loose Silky-bent
aad8375e0.png,Loose Silky-bent
39d569be4.png,Loose Silky-bent
da4ed3a28.png,Fat Hen
73260a4ee.png,Black-grass
17a78fb44.png,Scentless Mayweed
0e8492cb1.png,Scentless Mayweed
785a73ab8.png,Scentless Mayweed
8faadb6a8.png,Loose Silky-bent
a1e0a6c02.png,Scentless Mayweed
2bd74d2da.png,Loose Silky-bent
ace8761dd.png,Loose Silky-bent
1d321253f.png,Black-grass
adb7a032c.png,Black-grass
f6d250856.png,Black-grass
74d810f87.png,Loose Silky-bent
a006a475c.png,Loose Silky-bent
33317fc2a.png,Loose Silky-bent
26852751a.png,Common Chickweed
f4021df6c.png,Scentless Mayweed
003d61042.png,Loose Silky-bent
c7b07431e.png,Loose Silky-bent
4c5ab9b68.png,Scentless Mayweed
5315c2dca.png,Scentless Mayweed
8916793ce.png,Sugar beet
6da892be6.png,Loose Silky-bent
e15472085.png,Common wheat
3f826b318.png,Black-grass
20e562fd5.png,Sugar beet
1b490196c.png,Cleavers
6df8e31ea.png,Charlock
88d8a4508.png,Loose Silky-bent
8a4d3a1b1.png,Black-grass
0ae6668fa.png,Loose Silky-bent
b2706e2b3.png,Loose Silky-bent
e6f1211a2.png,Loose Silky-bent
85431c075.png,Scentless Mayweed
2126dc71b.png,Loose Silky-bent
fc3e58836.png,Black-grass
0f6cbe5e8.png,Loose Silky-bent
599691cd9.png,Black-grass
f4caf74f9.png,Scentless Mayweed
835dc5447.png,Loose Silky-bent
1364b297a.png,Cleavers
ef3e232ad.png,Scentless Mayweed
48231e475.png,Loose Silky-bent
7f9e9565d.png,Scentless Mayweed
756dd5070.png,Sugar beet
a19c3faca.png,Scentless Mayweed
b30ab4659.png,Black-grass
d488a4fe1.png,Loose Silky-bent
ce42adffb.png,Loose Silky-bent
02cfeb38d.png,Scentless Mayweed
d8f4923f8.png,Sugar beet
d350a25fa.png,Common Chickweed
8e3ed0a25.png,Loose Silky-bent
53e6e9000.png,Loose Silky-bent
37e545a60.png,Sugar beet
59f62ad1d.png,Black-grass
7506c0c02.png,Loose Silky-bent
6d6eb3830.png,Loose Silky-bent
fe9e87b78.png,Scentless Mayweed
589e643b8.png,Sugar beet
0d31e6602.png,Scentless Mayweed
5a6bf96f6.png,Loose Silky-bent
1623fb9e1.png,Black-grass
b6a3f7876.png,Loose Silky-bent
19e58cc5e.png,Loose Silky-bent
827279bad.png,Loose Silky-bent
79dafec17.png,Loose Silky-bent
96f14d90c.png,Scentless Mayweed
c88ebfb47.png,Scentless Mayweed
0c5f6c493.png,Loose Silky-bent
abc331628.png,Loose Silky-bent
79d93bc96.png,Scentless Mayweed
5b3beec58.png,Scentless Mayweed
3e9f41817.png,Common wheat
20817c846.png,Sugar beet
0c27cf05f.png,Scentless Mayweed
56112b92c.png,Scentless Mayweed
2ea664465.png,Loose Silky-bent
c069fc3fa.png,Sugar beet
7691014a1.png,Black-grass
71e73a8a0.png,Scentless Mayweed
c10ccbd82.png,Loose Silky-bent
aee6fa3df.png,Black-grass
c2de6020a.png,Scentless Mayweed
618de3d7a.png,Common Chickweed
19b51843a.png,Sugar beet
36839d5e9.png,Black-grass
9c32a797e.png,Loose Silky-bent
fef2ade8c.png,Scentless Mayweed
da9ef7858.png,Loose Silky-bent
c75a82234.png,Sugar beet
a254d71f6.png,Scentless Mayweed
e14afa235.png,Scentless Mayweed
dc55449b2.png,Loose Silky-bent
b3d6fdb80.png,Sugar beet
270b939cf.png,Sugar beet
cf3a8b2fd.png,Scentless Mayweed
4e18ab737.png,Loose Silky-bent
9c777333d.png,Black-grass
279df95f2.png,Scentless Mayweed
a2b703e21.png,Loose Silky-bent
953496deb.png,Common wheat
b573b7a56.png,Loose Silky-bent
87608f7aa.png,Charlock
df521c0c0.png,Loose Silky-bent
bb64660b7.png,Scentless Mayweed
699d3c707.png,Loose Silky-bent
48d97c645.png,Loose Silky-bent
ab0f67743.png,Sugar beet
7fdb7202d.png,Black-grass
808cf55c6.png,Common Chickweed
e4a76885b.png,Loose Silky-bent
165681fd9.png,Charlock
32b42c120.png,Loose Silky-bent
03e322a29.png,Black-grass
d668409ff.png,Black-grass
800a8c17e.png,Loose Silky-bent
b944a49ca.png,Scentless Mayweed
c26ccf73c.png,Loose Silky-bent
46c14fde2.png,Sugar beet
00ef713a8.png,Loose Silky-bent
d14aa43f3.png,Black-grass
22fbf13d6.png,Black-grass
f4234cf4f.png,Black-grass
7615e52d3.png,Loose Silky-bent
3efa1f66c.png,Scentless Mayweed
974959ec1.png,Loose Silky-bent
1c52ea820.png,Scentless Mayweed
e98e5d1d5.png,Loose Silky-bent
1cfd91582.png,Black-grass
9326bda1b.png,Sugar beet
a935ca110.png,Common wheat
4c7838de4.png,Loose Silky-bent
4e69d100a.png,Scentless Mayweed
4bbf1f6ea.png,Scentless Mayweed
6b9d6f8c9.png,Black-grass
d5f7dd60a.png,Loose Silky-bent
16467a950.png,Charlock
e7077322d.png,Scentless Mayweed
3526b05cc.png,Black-grass
4bcdaa5e2.png,Sugar beet
a0b393945.png,Scentless Mayweed
fd925f542.png,Loose Silky-bent
d515398fd.png,Loose Silky-bent
5c3cd7ea2.png,Loose Silky-bent
a74bf916d.png,Black-grass
6b721f68e.png,Loose Silky-bent
6edb96d45.png,Black-grass
837ac0270.png,Cleavers
e84464f5a.png,Cleavers
ad12382d4.png,Scentless Mayweed
521b27a17.png,Loose Silky-bent
248436078.png,Sugar beet
686dc7ec8.png,Black-grass
cd6adba97.png,Charlock
69d1669f8.png,Loose Silky-bent
4e9d3765f.png,Charlock
9c8b08a24.png,Loose Silky-bent
3f64c2c1b.png,Loose Silky-bent
007b3da8b.png,Scentless Mayweed
e901b0f28.png,Black-grass
d6c8c3c48.png,Small-flowered Cranesbill
0885e7690.png,Scentless Mayweed
1c680883c.png,Loose Silky-bent
ab35453cb.png,Cleavers
bf3924a57.png,Loose Silky-bent
539961189.png,Loose Silky-bent
a85b48a95.png,Loose Silky-bent
cb496f36e.png,Sugar beet
0bf7bfb05.png,Loose Silky-bent
c5e419015.png,Black-grass
808578ed5.png,Charlock
8e6ec1ca6.png,Loose Silky-bent
60ee66ddd.png,Sugar beet
64fe8beb9.png,Scentless Mayweed
e478c452c.png,Black-grass
9cce7328c.png,Scentless Mayweed
0ee4ad224.png,Sugar beet
47b7d8e17.png,Black-grass
86676d627.png,Loose Silky-bent
1821eb11a.png,Black-grass
5b3000b9a.png,Loose Silky-bent
25fa8d109.png,Loose Silky-bent
8c9953903.png,Loose Silky-bent
dce2f6612.png,Scentless Mayweed
446f7da01.png,Loose Silky-bent
8874bba69.png,Scentless Mayweed
7696badea.png,Loose Silky-bent
52a87abe5.png,Black-grass
63c07d340.png,Black-grass
b9062c1c8.png,Loose Silky-bent
721b2c47a.png,Loose Silky-bent
aaf4da98f.png,Scentless Mayweed
3d65168c2.png,Scentless Mayweed
a8da9c08d.png,Common wheat
37297a64c.png,Scentless Mayweed
99036c51d.png,Loose Silky-bent
c7ae30f3a.png,Loose Silky-bent
4049a6ea6.png,Loose Silky-bent
3ebbe9ca4.png,Loose Silky-bent
01291174f.png,Loose Silky-bent
410e6f702.png,Scentless Mayweed
3eebd36c6.png,Charlock
8db450ce3.png,Scentless Mayweed
af45e222a.png,Scentless Mayweed
dcd7ff249.png,Loose Silky-bent
728eabae1.png,Sugar beet
550a8b7e6.png,Loose Silky-bent
98062cd87.png,Loose Silky-bent
00d090cde.png,Scentless Mayweed
8cf909eb3.png,Black-grass
377283a21.png,Loose Silky-bent
74fd477eb.png,Scentless Mayweed
5bbc0a255.png,Loose Silky-bent
a544fc46d.png,Scentless Mayweed
d102e1a15.png,Cleavers
223e4af09.png,Cleavers
e73e308be.png,Black-grass
bebcaab66.png,Loose Silky-bent
b145ba9d4.png,Loose Silky-bent
8b27bfd2b.png,Loose Silky-bent
37c3108d6.png,Common Chickweed
e88bf0db9.png,Common wheat
6bce55e05.png,Loose Silky-bent
a83820a2c.png,Loose Silky-bent
187668bde.png,Sugar beet
b7192c70f.png,Loose Silky-bent
897e5a8de.png,Cleavers
e471f1d3a.png,Charlock
e9cd91682.png,Scentless Mayweed
4c8005bbc.png,Loose Silky-bent
76dbd1054.png,Loose Silky-bent
00c47e980.png,Black-grass
59358cd44.png,Scentless Mayweed
03ef36742.png,Loose Silky-bent
7d4cd07ad.png,Black-grass
39858776a.png,Black-grass
55920f07f.png,Loose Silky-bent
71f5323c5.png,Loose Silky-bent
d0152bd7c.png,Scentless Mayweed
65e97117e.png,Scentless Mayweed
24d78df74.png,Loose Silky-bent
cbe761896.png,Scentless Mayweed
115f93ecc.png,Loose Silky-bent
1d48b7564.png,Loose Silky-bent
c0bc3997b.png,Scentless Mayweed
d01873fdd.png,Scentless Mayweed
6edc76e7c.png,Black-grass
ffc6f8527.png,Loose Silky-bent
6db684fff.png,Loose Silky-bent
429211ee6.png,Scentless Mayweed
9516e56c4.png,Loose Silky-bent
f2dc546ca.png,Cleavers
856f2910a.png,Loose Silky-bent
dabe3e5be.png,Scentless Mayweed
824f5d4e5.png,Scentless Mayweed
acdb75e00.png,Scentless Mayweed
afcf6abd5.png,Black-grass
e82017baa.png,Loose Silky-bent
9643fc5f4.png,Black-grass
99569b224.png,Loose Silky-bent
c1ecff98b.png,Loose Silky-bent
2693e5c65.png,Scentless Mayweed
1e095a7e1.png,Scentless Mayweed
8170d33c1.png,Scentless Mayweed
0751c0bbc.png,Scentless Mayweed
7f46a71db.png,Scentless Mayweed
8b9144917.png,Scentless Mayweed
711b46fba.png,Black-grass
6a47821f9.png,Scentless Mayweed
0c51bf229.png,Black-grass
502dff972.png,Loose Silky-bent
beebe5f4e.png,Sugar beet
a3b375b34.png,Sugar beet
1376f3b63.png,Black-grass
0ad9e7dfb.png,Loose Silky-bent
0a64e3e6c.png,Scentless Mayweed
958bb9e96.png,Common Chickweed
6dd095129.png,Loose Silky-bent
9df3275da.png,Small-flowered Cranesbill
b0acaff4a.png,Loose Silky-bent
4b155fb07.png,Scentless Mayweed
ef65533d5.png,Black-grass
29bab7cad.png,Loose Silky-bent
c5e88cd42.png,Scentless Mayweed
664194d19.png,Black-grass
82b5f4d33.png,Loose Silky-bent
80e299ae9.png,Sugar beet
4f44ca525.png,Loose Silky-bent
490c4f9c8.png,Loose Silky-bent
675ec1b0b.png,Loose Silky-bent
24a058589.png,Scentless Mayweed
043449b0b.png,Common wheat
4b032563b.png,Scentless Mayweed
fbf88b6be.png,Loose Silky-bent
466bb6d3b.png,Shepherds Purse
7a38416be.png,Common Chickweed
a93f940d6.png,Scentless Mayweed
19618ad6a.png,Loose Silky-bent
98d819587.png,Scentless Mayweed
cadab6616.png,Sugar beet
632156793.png,Scentless Mayweed
75cb95e91.png,Loose Silky-bent
efe19dc32.png,Loose Silky-bent
3827436f3.png,Sugar beet
04814f36d.png,Black-grass
391dcd7fd.png,Scentless Mayweed
a85fc8c9a.png,Loose Silky-bent
cf46d09c5.png,Loose Silky-bent
f9b6bfb00.png,Scentless Mayweed
6908fb540.png,Loose Silky-bent
a74d475c2.png,Scentless Mayweed
099b961ec.png,Scentless Mayweed
b62dca166.png,Loose Silky-bent
c0f5d9ac8.png,Loose Silky-bent
48ef6a2ff.png,Scentless Mayweed
08d591441.png,Sugar beet
a9d2eab61.png,Loose Silky-bent
c06e7c748.png,Scentless Mayweed
25cf6eb73.png,Scentless Mayweed
fb022edf9.png,Sugar beet
aecfaed64.png,Black-grass
3281183f9.png,Scentless Mayweed
59c6a9f95.png,Black-grass
338c7e907.png,Sugar beet
c50335991.png,Black-grass
44e8b8833.png,Black-grass
79e5ea8fa.png,Common wheat
406162ef9.png,Common Chickweed
177d7e2a4.png,Loose Silky-bent
e4d5ec761.png,Scentless Mayweed
e5297b675.png,Scentless Mayweed
13b9fa92d.png,Scentless Mayweed
67ce3eaa6.png,Black-grass
65e262a6d.png,Cleavers
5eb9c26a6.png,Loose Silky-bent
963544aa0.png,Black-grass
a8c8a1db0.png,Scentless Mayweed
4287d810c.png,Black-grass
c8f50f0c3.png,Scentless Mayweed
df11d56a7.png,Fat Hen
eec1079a1.png,Common wheat
d2f422ccb.png,Loose Silky-bent
59e1cea8d.png,Fat Hen
1f3f44563.png,Scentless Mayweed
c5078bac5.png,Loose Silky-bent
35a90f8d0.png,Scentless Mayweed
e1809cef2.png,Black-grass
615d2b0a9.png,Sugar beet
2df78338c.png,Scentless Mayweed
cfd8165e9.png,Black-grass
855955aaf.png,Small-flowered Cranesbill
8a30b2de3.png,Scentless Mayweed
35cf9fa01.png,Loose Silky-bent
6680836dd.png,Black-grass
fda0b5c38.png,Sugar beet
e80a259c5.png,Scentless Mayweed
e721c6ac8.png,Loose Silky-bent
534e74d83.png,Black-grass
19fdf19fb.png,Sugar beet
d41d87796.png,Loose Silky-bent
26e7ae885.png,Black-grass
ba3ce6b3e.png,Loose Silky-bent
5bd71f445.png,Scentless Mayweed
12625488b.png,Black-grass
0c45ace27.png,Loose Silky-bent
dd5ec63d9.png,Black-grass
bdde957ec.png,Common wheat
3d67c434b.png,Sugar beet
c7eb96871.png,Loose Silky-bent
1be0713da.png,Loose Silky-bent
7f31c7f42.png,Loose Silky-bent
5779fe8b4.png,Scentless Mayweed
8ab8a958b.png,Loose Silky-bent
809eb0b82.png,Loose Silky-bent
a4b61a4ea.png,Scentless Mayweed
5817b766d.png,Sugar beet
ce3d280eb.png,Sugar beet
6c874918c.png,Scentless Mayweed
32c86784b.png,Scentless Mayweed
e15fce4f2.png,Loose Silky-bent
8d6991365.png,Loose Silky-bent
ae90f2827.png,Common wheat
122913909.png,Common wheat
79fba50db.png,Black-grass
2f246d688.png,Scentless Mayweed
f48916a8c.png,Cleavers
71334c634.png,Black-grass
0911d3dee.png,Black-grass
afa446484.png,Cleavers
851c90831.png,Loose Silky-bent
66ab0e8d0.png,Scentless Mayweed
f9ea23fb5.png,Sugar beet
6ba4ef411.png,Scentless Mayweed
8455169fe.png,Loose Silky-bent
6982a9d30.png,Loose Silky-bent
20f983a71.png,Sugar beet
f66ae4070.png,Loose Silky-bent
f1f7c833f.png,Scentless Mayweed
205df1df3.png,Scentless Mayweed
2e86f1085.png,Charlock
90b595f12.png,Scentless Mayweed
df7cb5f87.png,Scentless Mayweed
2d992d1fb.png,Black-grass
07e62f903.png,Scentless Mayweed
862b8e7a0.png,Loose Silky-bent
dd9f36df7.png,Scentless Mayweed
fda39e16f.png,Loose Silky-bent
1bf9b94a6.png,Sugar beet
d2f0f326e.png,Black-grass
4823c3ffa.png,Loose Silky-bent
ac3193f78.png,Black-grass
77ccb8b2a.png,Black-grass
1541bdb2e.png,Loose Silky-bent
fdea6b119.png,Black-grass
92292055d.png,Sugar beet
a0f37c726.png,Loose Silky-bent
9d79a1f0c.png,Sugar beet
866be78b0.png,Scentless Mayweed
a3d0031fd.png,Loose Silky-bent
060450d79.png,Loose Silky-bent
bf66b9cd2.png,Black-grass
288564c76.png,Scentless Mayweed
976e4e079.png,Sugar beet
60f0bc617.png,Scentless Mayweed
b828443ff.png,Common wheat
0fb233ad6.png,Sugar beet
e19ad6ac9.png,Black-grass
a890ac088.png,Loose Silky-bent
4e1190d78.png,Black-grass
fba8fc78a.png,Loose Silky-bent
6a41bf95b.png,Loose Silky-bent
f0ffa00bd.png,Loose Silky-bent
ef74dbcad.png,Loose Silky-bent
fa9f3a8f9.png,Common Chickweed
cb76a7766.png,Black-grass
a38b8a581.png,Loose Silky-bent
a276c65f7.png,Black-grass
24dbc3b21.png,Loose Silky-bent
b4f7c9214.png,Black-grass
8e4eaeec0.png,Sugar beet
cec5bf198.png,Loose Silky-bent
8dbb8e1b9.png,Charlock
c7051c902.png,Scentless Mayweed
5ca2687a4.png,Sugar beet
4a337a4a9.png,Black-grass
e52493d0b.png,Scentless Mayweed
8a32d0bfa.png,Black-grass
4f83143e1.png,Loose Silky-bent
c85ef220d.png,Scentless Mayweed
a2d25b4f3.png,Small-flowered Cranesbill
592cc5b89.png,Black-grass
b6f3d8b5d.png,Loose Silky-bent
9d3cb4745.png,Black-grass
8311740de.png,Scentless Mayweed
7d22abf91.png,Loose Silky-bent
148bbda66.png,Small-flowered Cranesbill
780defa2e.png,Sugar beet
b3e08b037.png,Scentless Mayweed
cd5f0db1c.png,Fat Hen
966ae5ad9.png,Loose Silky-bent
f3fcfff1b.png,Black-grass
1459e96a0.png,Sugar beet
752101fdf.png,Scentless Mayweed
56a01b835.png,Black-grass
a35fd6fbb.png,Loose Silky-bent
dc4cd56a3.png,Loose Silky-bent
24c94a6ca.png,Loose Silky-bent
604dd663f.png,Loose Silky-bent
50de8a115.png,Black-grass
b1cd2a91e.png,Black-grass
1d56351b2.png,Scentless Mayweed
be2499cf4.png,Loose Silky-bent
5ee9d0a5b.png,Loose Silky-bent
085974290.png,Black-grass
8ece6efec.png,Loose Silky-bent
96ecad7a1.png,Loose Silky-bent
d3331e071.png,Scentless Mayweed
67e185673.png,Small-flowered Cranesbill
2b55a2da2.png,Black-grass
593896f83.png,Scentless Mayweed
71b232519.png,Loose Silky-bent
e5064f6be.png,Black-grass
7e9cf1c46.png,Sugar beet
d09d24c58.png,Black-grass
e19673dc9.png,Charlock
a1da8be3c.png,Common wheat
25a4c427e.png,Loose Silky-bent
026716f9b.png,Black-grass
74068643d.png,Black-grass
d2fd9df40.png,Loose Silky-bent
f85ed9b6d.png,Cleavers
90d119d25.png,Scentless Mayweed
93079d970.png,Black-grass
0dba99002.png,Scentless Mayweed
a060c1cf8.png,Black-grass
bb1d1bfd3.png,Common wheat
d93c7ab6d.png,Sugar beet
3d38a87bc.png,Loose Silky-bent
d689256be.png,Scentless Mayweed
b4c3df835.png,Loose Silky-bent
0ebf8f2f4.png,Black-grass
54b3afd58.png,Black-grass
f4ad9d950.png,Black-grass
d84d37a61.png,Black-grass
8cfd98117.png,Scentless Mayweed
590f5aea6.png,Loose Silky-bent
86f08e6d1.png,Scentless Mayweed
5bc6595f6.png,Black-grass
edfdb4aeb.png,Scentless Mayweed
ce15eee52.png,Common Chickweed
9c0c5b731.png,Loose Silky-bent
16fd2e01a.png,Scentless Mayweed
eaf0815e2.png,Sugar beet
1f5e5554e.png,Loose Silky-bent
1926e82fd.png,Loose Silky-bent
36d62bf36.png,Loose Silky-bent
88ac6df54.png,Scentless Mayweed
3dd52bd2a.png,Loose Silky-bent
e3f50adfc.png,Scentless Mayweed
f593c9cf0.png,Loose Silky-bent
8b043093d.png,Loose Silky-bent
78b1bf91a.png,Black-grass
b026bf8ca.png,Loose Silky-bent
c6c8d4ba0.png,Sugar beet
9fab816f2.png,Scentless Mayweed
558aa7deb.png,Loose Silky-bent
06d12f6fa.png,Loose Silky-bent
de0b79659.png,Loose Silky-bent
41e07778c.png,Scentless Mayweed
fa5fd1384.png,Scentless Mayweed
d0cdc768f.png,Scentless Mayweed
1d0cbd819.png,Loose Silky-bent
258b1183c.png,Common Chickweed
647689543.png,Black-grass
7beb2766f.png,Scentless Mayweed
5ca0205f9.png,Scentless Mayweed
241e6935a.png,Scentless Mayweed
39c8fde99.png,Black-grass
995c7ab1e.png,Loose Silky-bent
1694a70e4.png,Loose Silky-bent
97844bfd5.png,Scentless Mayweed
8301b0547.png,Black-grass
3185294c8.png,Black-grass
8bc0261c9.png,Loose Silky-bent
4392d93cf.png,Scentless Mayweed
1f290e016.png,Loose Silky-bent
f9f35cbd4.png,Sugar beet
a7bd7cadb.png,Loose Silky-bent
36ed4f215.png,Scentless Mayweed
1b6a6494d.png,Loose Silky-bent
c0d9e170b.png,Loose Silky-bent
cc3d2a59a.png,Loose Silky-bent
8c98a6e9b.png,Loose Silky-bent
e0ec5b6a1.png,Loose Silky-bent
8104422bb.png,Scentless Mayweed
43ede9de9.png,Loose Silky-bent
fadc6adbc.png,Charlock
7c85b0265.png,Loose Silky-bent
76555b064.png,Loose Silky-bent
f445fe6fb.png,Charlock
bea23d9f8.png,Scentless Mayweed
eef131644.png,Loose Silky-bent
f8318faf1.png,Loose Silky-bent
592473c83.png,Loose Silky-bent
cae684f8f.png,Loose Silky-bent
5dcad9a53.png,Loose Silky-bent
da713c465.png,Scentless Mayweed
ef9676433.png,Common wheat
fe29629fb.png,Scentless Mayweed
2a5064f19.png,Loose Silky-bent
59b2c6f2b.png,Loose Silky-bent
d9c50616e.png,Scentless Mayweed
b03397525.png,Sugar beet
4bbfd1e05.png,Black-grass
8cf2e3e6c.png,Loose Silky-bent
caa2fbd79.png,Scentless Mayweed
47f9e5d91.png,Loose Silky-bent
8a8d6c712.png,Sugar beet
e5368474f.png,Scentless Mayweed
8303b27ed.png,Black-grass
cbba27d89.png,Common wheat
03a2ee656.png,Loose Silky-bent
2a667e099.png,Scentless Mayweed
0437393b1.png,Sugar beet
fea355851.png,Loose Silky-bent
721be0a4a.png,Black-grass
b29339405.png,Fat Hen
bd789d151.png,Black-grass
da5255450.png,Scentless Mayweed
fea1d13d6.png,Scentless Mayweed
e5881dd33.png,Loose Silky-bent
8e29abce1.png,Scentless Mayweed
61dd2cdc5.png,Loose Silky-bent
fc6f686fb.png,Scentless Mayweed
dfb1d9012.png,Black-grass
1758a1baf.png,Loose Silky-bent
cfb18d262.png,Scentless Mayweed
a5db42f7d.png,Maize
060f1dc84.png,Loose Silky-bent
d17f48d3b.png,Black-grass
a2c89c367.png,Cleavers
0caeda5df.png,Sugar beet
31fcdc161.png,Loose Silky-bent
6049234e6.png,Charlock
d89db156f.png,Small-flowered Cranesbill
ff65bc002.png,Common Chickweed
1312065a5.png,Sugar beet
a8388a37f.png,Scentless Mayweed
ac75d3326.png,Sugar beet
7cabd68cc.png,Loose Silky-bent
2d9c798f9.png,Black-grass
33748968f.png,Sugar beet
38c054379.png,Black-grass
444473900.png,Loose Silky-bent
c0461776c.png,Loose Silky-bent
7b21ba6ba.png,Loose Silky-bent
8ca6140ca.png,Black-grass
97b2f0a10.png,Sugar beet
b7ad92859.png,Black-grass
659412b1a.png,Loose Silky-bent
1dc7c45df.png,Scentless Mayweed
5af1d74ee.png,Black-grass
780bd2a2c.png,Loose Silky-bent
c4ed8ed38.png,Loose Silky-bent
b5c7fd009.png,Black-grass
c832e4302.png,Common wheat
03566743d.png,Black-grass
32a8c8a1d.png,Black-grass
5a38ac566.png,Scentless Mayweed
a8b431a3e.png,Cleavers
a8de7c1b7.png,Black-grass
cf90fc52d.png,Sugar beet
f25996db8.png,Black-grass
ef7a5651d.png,Loose Silky-bent
24d36c52c.png,Sugar beet
35ebe165c.png,Black-grass
17d5e5ac4.png,Loose Silky-bent
3fbf1a417.png,Cleavers
063363305.png,Loose Silky-bent
7d3045fc3.png,Sugar beet
e96e57a90.png,Black-grass
f351ce097.png,Scentless Mayweed
bd72d4d8a.png,Loose Silky-bent
948cdb277.png,Scentless Mayweed
41f1c3cdb.png,Loose Silky-bent
b47691c08.png,Black-grass
e9d48d664.png,Loose Silky-bent
39b740f7e.png,Scentless Mayweed
fd87b36ae.png,Loose Silky-bent
abf8b0772.png,Loose Silky-bent
34dd57ca9.png,Scentless Mayweed
b31292706.png,Scentless Mayweed
55fed435f.png,Black-grass
60fea2ef6.png,Black-grass
1191ba346.png,Black-grass
e1a0e3202.png,Loose Silky-bent
91e469b4a.png,Scentless Mayweed
fd253a74e.png,Common Chickweed
53ceb4657.png,Scentless Mayweed
0c4199daa.png,Loose Silky-bent
9b9911f20.png,Scentless Mayweed
11d3f68ff.png,Scentless Mayweed
33448fe39.png,Scentless Mayweed
0d117d910.png,Fat Hen
55251925f.png,Loose Silky-bent
16357b436.png,Fat Hen
98da6ef4e.png,Scentless Mayweed
2f0004a7f.png,Black-grass
d6d80a321.png,Loose Silky-bent
b98327bf4.png,Scentless Mayweed
8d6acbe9b.png,Loose Silky-bent
071cb3ece.png,Loose Silky-bent
b687160f5.png,Loose Silky-bent
8585f9718.png,Black-grass
9a3f20121.png,Black-grass
5e6a237f2.png,Sugar beet
ef02b4ee7.png,Scentless Mayweed
3fbd0fc6a.png,Common wheat
86c309150.png,Loose Silky-bent
65d08b894.png,Common wheat
2d5058a59.png,Loose Silky-bent
bb1c84bbc.png,Black-grass
5bdcfa329.png,Scentless Mayweed
d563be369.png,Loose Silky-bent
b341d0aab.png,Loose Silky-bent
5b63dcc21.png,Scentless Mayweed
14bb43eee.png,Common Chickweed
e921021a8.png,Sugar beet
b7a7f6390.png,Loose Silky-bent
be341dbdc.png,Black-grass
3f92d8039.png,Loose Silky-bent
668c1007c.png,Black-grass
29f49cd0b.png,Loose Silky-bent
606647f64.png,Loose Silky-bent
f33e9d918.png,Scentless Mayweed
bffc08672.png,Black-grass
31f3dd81f.png,Black-grass
089ad62a7.png,Common Chickweed
b215531dd.png,Loose Silky-bent
c10db7ae2.png,Scentless Mayweed
c74c5b7fc.png,Black-grass
93d76fd5d.png,Black-grass
3edf5e9ef.png,Black-grass
9b4800b42.png,Loose Silky-bent
0625f063b.png,Charlock
9baf94467.png,Loose Silky-bent
3a909ead8.png,Loose Silky-bent
219fd68d5.png,Scentless Mayweed
65489944f.png,Loose Silky-bent
3b73c3b61.png,Loose Silky-bent
0086a6340.png,Scentless Mayweed
e783f5a4f.png,Loose Silky-bent
d7017f701.png,Black-grass
61b044411.png,Scentless Mayweed
e1abb4ff9.png,Scentless Mayweed
239bdf640.png,Scentless Mayweed
23e480e64.png,Scentless Mayweed
29ce426a1.png,Black-grass
c35efa095.png,Black-grass
969a851be.png,Black-grass
f1e87cba7.png,Black-grass
a55d26a4c.png,Common Chickweed
d6d31dcbe.png,Black-grass
55a852f40.png,Loose Silky-bent
5f04aed97.png,Loose Silky-bent
9aa5587fe.png,Scentless Mayweed
a169b71e7.png,Charlock
f4e7733d4.png,Scentless Mayweed
05341a8a6.png,Loose Silky-bent
b130a0632.png,Loose Silky-bent
78750e0ff.png,Charlock
d09275360.png,Loose Silky-bent
8f523520c.png,Loose Silky-bent
653193c1a.png,Scentless Mayweed
